3.000,Monster Card,Monster,2.500,Blue-eyes White Dragon,001,Sun,Mars,8,89631139,999.999,Dragon
800,Monster Card,Monster,2.000,Mystical Elf,002,Sun,Jupiter,4,15025844,Spellcaster
1.200,Monster Card,Monster,1.000,Hitotsu-me Giant,003,Moon,Mars,4,76184692,Beast-Warrior
1.200,Monster Card,Monster,700,Baby Dragon,004,Uranus,Sun,3,88819587,999.999,Dragon
1.000,Monster Card,Monster,500,Ryu-kishin,005,Saturn,Sun,3,15303296,Fiend
1.300,Monster Card,Monster,1.400,Feral Imp,006,Moon,Jupiter,4,41392891,Fiend
1.400,Monster Card,Monster,1.200,Winged Dragon #1,007,Saturn,Moon,4,87796900,Dragon
800,Monster Card,Monster,600,Mushroom Man,008,Jupiter,Sun,2,14181608,30,Plant
500,Monster Card,Monster,200,Shadow Specter,009,Moon,Saturn,1,40575313,Zombie
1.500,Monster Card,Monster,800,Blackland Fire Dragon,010,Mercury,Moon,4,87564352,Dragon
1.750,Monster Card,Monster,2.030,Sword Arm of Dragon,011,Uranus,Moon,6,13069066,Dinosaur
1.800,Monster Card,Monster,1.500,Swamp Battleguard,012,Mercury,Mars,5,40453765,Warrior
1.200,Monster Card,Monster,1.400,Tyhone,013,Saturn,Venus,4,72842870,Winged Beast
1.800,Monster Card,Monster,1.300,Battle Steer,014,Moon,Uranus,5,18246479,Beast-Warrior
1.800,Monster Card,Monster,1.600,Flame Swordsman,015,Mars,Sun,5,45231177,320,Warrior
500,Monster Card,Monster,400,Time Wizard,016,Venus,Sun,2,71625222,Spellcaster
200,Monster Card,Monster,300,Right Leg of the Forbidden One,017,Mercury,Jupiter,1,08124921,Spellcaster
200,Monster Card,Monster,300,Left Leg of the Forbidden One,018,Mercury,Saturn,1,44519536,Spellcaster
200,Monster Card,Monster,300,Right Arm of the Forbidden One,019,Mercury,Uranus,1,70903634,Spellcaster
200,Monster Card,Monster,300,Left Arm of the Forbidden One,020,Mercury,Pluto,1,07902349,Spellcaster
1.000,Monster Card,Monster,1.000,Exodia the Forbidden,021,Mercury,Neptune,3,33396948,Spellcaster
2.500,Monster Card,Monster,1.200,Summoned Skull,022,Moon,Pluto,6,70781052,Fiend
1.400,Monster Card,Monster,700,The Wicked Worm Beast,023,Uranus,Venus,3,06285791,60,Beast
300,Monster Card,Monster,200,Skull Servant,024,Moon,Neptune,1,32274490,Zombie
1.300,Monster Card,Monster,1.000,Horn Imp,025,Moon,Mercury,4,69669405,Fiend
1.700,Monster Card,Monster,1.000,Battle Ox,026,Jupiter,Moon,4,05053103,Beast-Warrior
1.200,Monster Card,Monster,1.500,Beaver Warrior,027,Jupiter,Venus,4,32452818,Beast-Warrior
800,Monster Card,Monster,1.200,Rock Ogre Grotto #1,028,Uranus,Mercury,3,68846917,Rock
600,Monster Card,Monster,1.000,Mountain Warrior,029,Uranus,Mars,3,04931562,35,Beast-Warrior
1.200,Monster Card,Monster,900,Zombie Warrior,030,Moon,Mars,3,31339260,Zombie
1.500,Monster Card,Monster,1.200,Koumori Dragon,031,Moon,Jupiter,4,67724379,Dragon
1.600,Monster Card,Monster,1.200,Two-headed King Rex,032,Uranus,Neptune,4,94119974,160,Dinosaur
2.200,Monster Card,Monster,1.500,Judge Man,033,Sun,Saturn,6,30113682,1.000,Warrior
600,Monster Card,Monster,1.500,Saggi the Dark Clown,034,Mercury,Moon,3,66602787,60,Spellcaster
2.500,Monster Card,Monster,2.100,Dark Magician,035,Mercury,Mars,7,46986414,Spellcaster
1.500,Monster Card,Monster,1.200,The Snake Hair,036,Moon,Saturn,4,29491031,Zombie
2.600,Monster Card,Monster,2.100,Gaia the Dragon Champion,037,Saturn,Mercury,7,66889139,Dragon
2.300,Monster Card,Monster,2.100,Gaia the Fierce Knight,038,Mercury,Jupiter,7,06368038,Warrior
2.000,Monster Card,Monster,1.500,Curse of Dragon,039,Saturn,Pluto,5,28279543,999.999,Dragon
200,Monster Card,Monster,1.800,Dragon Piper,040,Mars,Moon,3,55763552,Pyro
1.400,Monster Card,Monster,1.200,Celtic Guardian,041,Sun,Uranus,4,91152256,Warrior
1.200,Monster Card,Monster,2.200,Illusionist Faceless Mage,042,Venus,Mars,5,28546905,Spellcaster
1.500,Monster Card,Monster,1.200,Karbonala Warrior,043,Uranus,Jupiter,4,54541900,140,Warrior
1.600,Monster Card,Monster,1.000,Rogue Doll,044,Sun,Pluto,4,91939608,Spellcaster
1.000,Monster Card,Monster,500,Oscillo Hero #2,045,Pluto,Sun,3,27324313,Thunder
1.200,Monster Card,Monster,1.500,Griffore,046,Jupiter,Mercury,4,53829412,140,Beast
1.200,Monster Card,Monster,600,Torike,047,Uranus,Sun,3,80813021,Beast
1.000,Monster Card,Monster,600,Sangan,048,Moon,Uranus,3,26202165,Fiend
1.200,Monster Card,Monster,1.500,Big Insect,049,Jupiter,Uranus,4,53606874,Insect
500,Monster Card,Monster,700,Basic Insect,050,Jupiter,Pluto,2,89091579,25,Insect
1.500,Monster Card,Monster,1.200,Armored Lizard,051,Neptune,Sun,4,15480588,Reptile
1.500,Monster Card,Monster,2.000,Hercules Beetle,052,Jupiter,Neptune,5,52584282,Insect
1.200,Monster Card,Monster,1.000,Killer Needle,053,Jupiter,Sun,4,88979991,Insect
1.200,Monster Card,Monster,1.400,Gokibore,054,Jupiter,Moon,4,15367030,Insect
1.500,Monster Card,Monster,1.200,Giant Flea,055,Jupiter,Venus,4,41762634,Insect
500,Monster Card,Monster,400,Larvae Moth,056,Jupiter,Mercury,2,87756343,999.999,Insect
2.600,Monster Card,Monster,2.500,Great Moth,057,Jupiter,Uranus,8,14141448,999.999,Insect
300,Monster Card,Monster,200,Kuriboh,058,Mercury,Saturn,1,40640057,10,Fiend
1.200,Monster Card,Monster,800,Mammoth Graveyard,059,Mercury,Pluto,3,40374923,55,Dinosaur
1.600,Monster Card,Monster,800,Great White,060,Neptune,Moon,4,13429800,999.999,Fish
1.200,Monster Card,Monster,800,Wolf,061,Jupiter,Pluto,3,49417509,55,Beast
1.300,Monster Card,Monster,1.400,Harpie Lady,062,Saturn,Neptune,4,76812113,999.999,Winged Beast
1.950,Monster Card,Monster,2.100,Harpie Lady Sisters,063,Saturn,Mars,6,12206212,Winged Beast
1.300,Monster Card,Monster,1.100,Tiger Axe,064,Jupiter,Neptune,4,49791927,999.999,Beast-Warrior
1.200,Monster Card,Monster,800,Silver Fang,065,Jupiter,Sun,3,90357090,Beast
1.500,Monster Card,Monster,1.200,Kojikocy,066,Uranus,Moon,4,01184620,Warrior
3.500,Monster Card,Monster,3.000,Perfectly Ultimate Great Moth,067,Jupiter,Moon,8,48579379,Insect
1.800,Monster Card,Monster,1.500,Garoozis,068,Mars,Venus,5,14977074,290,Beast-Warrior
2.400,Monster Card,Monster,2.000,Thousand Dragon,069,Mars,Mercury,7,41462083,999.999,Dragon
1.200,Monster Card,Monster,1.400,Fiend Kraken,070,Neptune,Venus,4,77456781,Aqua
1.200,Monster Card,Monster,1.500,Jellyfish,071,Neptune,Mercury,4,14851496,Aqua
0,Monster Card,Monster,2.000,Cocoon of Evolution,072,Jupiter,Venus,3,40240595,999.999,Insect
1.800,Monster Card,Monster,1.500,Kairyu-Shin,073,Neptune,Mars,5,76634149,Sea Serpent
1.300,Monster Card,Monster,2.000,Giant Soldier of Stone,074,Uranus,Venus,3,13039848,290,Rock
800,Monster Card,Monster,600,Man-eating Plant,075,Mercury,Jupiter,2,49127943,30,Plant
1.100,Monster Card,Monster,1.200,Krokodilus,076,Neptune,Jupiter,4,76512652,80,Reptile
1.300,Monster Card,Monster,1.200,Grappler,077,Neptune,Saturn,4,02906250,100,Reptile
1.700,Monster Card,Monster,1.150,Axe Raider,078,Uranus,Mercury,4,48305365,160,Warrior
1.800,Monster Card,Monster,2.000,Megazowler,079,Uranus,Neptune,6,75390004,500,Dinosaur
1.500,Monster Card,Monster,800,Uraby,080,Uranus,Mars,4,01784619,Dinosaur
1.600,Monster Card,Monster,1.200,Crawling Dragon #2,081,Moon,Pluto,4,38289717,Dinosaur
2.400,Monster Card,Monster,2.000,Red-eyes B. Dragon,082,Moon,Neptune,7,74677422,Dragon
920,Monster Card,Monster,1.930,Castle of Dark Illusions,083,Mercury,Uranus,4,00062121,Fiend
1.380,Monster Card,Monster,1.930,Reaper of the Cards,084,Moon,Pluto,5,33066139,Fiend
2.000,Monster Card,Monster,1.530,King of Yamimakai,085,Moon,Pluto,5,69455834,Fiend
1.380,Monster Card,Monster,1.530,Barox,086,Jupiter,Mercury,5,06840573,180,Fiend
1.610,Monster Card,Monster,1.460,Dark Chimera,087,Mercury,Neptune,5,32344688,200,Fiend
1.150,Monster Card,Monster,2.150,Metal Guardian,088,Moon,Mercury,5,68339286,290,Fiend
1.000,Monster Card,Monster,2.000,Catapult Turtle,089,Neptune,Sun,5,95727991,200,Aqua
1.800,Monster Card,Monster,2.000,Gyakutenno Megami,090,Sun,Neptune,6,31122090,Fairy
1.300,Monster Card,Monster,1.550,Mystic Horseman,091,Jupiter,Uranus,4,68516705,Beast
2.000,Monster Card,Monster,1.700,Rabid Horseman,092,Jupiter,Pluto,6,94905343,Beast-Warrior
1.500,Monster Card,Monster,1.700,Zanki,093,Uranus,Jupiter,5,30090452,Warrior
1.600,Monster Card,Monster,1.400,Crawling Dragon,094,Uranus,Sun,5,67494157,200,Dragon
1.350,Monster Card,Monster,1.400,Crass Clown,095,Venus,Jupiter,4,93889755,Fiend
1.500,Monster Card,Monster,0,Armored Zombie,096,Moon,Pluto,3,20277860,Zombie
1.600,Monster Card,Monster,0,Dragon Zombie,097,Moon,Pluto,3,66672569,200,Zombie
1.350,Monster Card,Monster,0,Clown Zombie,098,Moon,Pluto,2,92667214,Zombie
1.800,Monster Card,Monster,2.000,Pumpking the King of Ghosts,099,Jupiter,Neptune,6,29155212,Zombie
700,Monster Card,Monster,1.000,Battle Warrior,100,Uranus,Moon,3,55550921,Warrior
700,Monster Card,Monster,600,Wings of Wicked Flame,101,Mars,Saturn,2,92944626,30,Pyro
900,Monster Card,Monster,400,Mask of Darkness,102,Mercury,Moon,2,28933734,30,Fiend
800,Monster Card,Monster,1.300,Job-Change Mirror,103,Mercury,Mars,3,55337339,Fiend
600,Monster Card,Monster,500,Curtain of the Dark Ones,104,Mercury,Jupiter,2,22026707,Spellcaster
500,Monster Card,Monster,400,Tomozaurus,105,Uranus,Venus,2,46457856,Dinosaur
1.700,Monster Card,Monster,1.400,Spirit of the Winds,106,Saturn,Sun,5,54615781,230,Spellcaster
800,Monster Card,Monster,600,Kageningen,107,Moon,Mars,2,80600490,Warrior
700,Monster Card,Monster,900,Graveyard, the Hand of Invitation,108,Moon,Pluto,3,27094595,Zombie
1.200,Monster Card,Monster,1.000,Goddess with the Third Eye,109,Sun,Venus,4,53493204,Fairy
1.100,Monster Card,Monster,1.000,Hero of the East,110,Uranus,Mercury,3,89987208,60,Warrior
1.600,Monster Card,Monster,1.400,Doma The Angel of Silence,111,Mercury,Saturn,5,16972957,Fairy
1.200,Monster Card,Monster,1.000,That Which Feeds on Life,112,Mercury,Uranus,4,52367652,70,Fiend
800,Monster Card,Monster,900,Dark Gray,113,Jupiter,Moon,3,09159938,40,Beast
1.000,Monster Card,Monster,700,White Magical Hat,114,Sun,Mars,3,15150365,Spellcaster
1.300,Monster Card,Monster,1.100,Kamion Wizard,115,Mercury,Pluto,4,41544074,Spellcaster
900,Monster Card,Monster,800,Nightmare Scorpion,116,Uranus,Neptune,3,88643173,40,Insect
1.400,Monster Card,Monster,1.200,Spirit of the Books,117,Saturn,Moon,4,14037717,Winged Beast
1.000,Monster Card,Monster,1.000,Supporter in the Shadows,118,Jupiter,Venus,3,41422426,55,Warrior
1.300,Monster Card,Monster,900,Trial of Nightmares,119,Moon,Pluto,4,77827521,Fiend
1.200,Monster Card,Monster,900,Dream Clown,120,Venus,Saturn,3,13215230,Warrior
700,Monster Card,Monster,1.700,Sleeping Lion,121,Jupiter,Sun,4,40200834,120,Beast
900,Monster Card,Monster,300,Yamatano Dragon Scroll,122,Saturn,Venus,2,76704943,25,Dragon
300,Monster Card,Monster,400,Dark Plant,123,Moon,Jupiter,1,13193642,15,Plant
1.700,Monster Card,Monster,1.400,Ancient Tool,124,Moon,Saturn,5,49587396,Machine
1.500,Monster Card,Monster,1.100,Faith Bird,125,Sun,Jupiter,4,75582395,Winged Beast
1.800,Monster Card,Monster,1.500,Orion the Battle King,126,Sun,Saturn,5,02971090,Fairy
1.700,Monster Card,Monster,1.200,Ansatsu,127,Mercury,Neptune,5,48365709,Warrior
1.200,Monster Card,Monster,1.700,LaMoon,128,Sun,Uranus,5,75850803,180,Spellcaster
800,Monster Card,Monster,700,Nemuriko,129,Mercury,Moon,3,90963488,Spellcaster
600,Monster Card,Monster,400,Weather Control,130,Sun,Pluto,2,37243151,20,Fairy
1.600,Monster Card,Monster,1.400,Octoberser,131,Neptune,Moon,5,74637266,200,Aqua
1.200,Monster Card,Monster,900,The 13th Grave,132,Moon,Pluto,3,00032864,60,Zombie
1.100,Monster Card,Monster,800,Charubin the Fire Knight,133,Mars,Uranus,3,37421579,Pyro
700,Monster Card,Monster,700,Mystical Capture Chain,134,Sun,Neptune,2,63515678,Fairy
600,Monster Card,Monster,600,Fiend's Hand,135,Moon,Pluto,2,52800428,Zombie
1.400,Monster Card,Monster,1.300,Witty Phantom,136,Mercury,Mars,4,36304921,Fiend
500,Monster Card,Monster,500,Mystery Hand,137,Moon,Uranus,2,62793020,20,Fiend
1.100,Monster Card,Monster,900,Dragon Statue,138,Uranus,Mars,3,09197735,Warrior
900,Monster Card,Monster,700,Blue-eyed Silver Zombie,139,Sun,Pluto,3,35282433,35,Zombie
1.000,Monster Card,Monster,1.000,Toad Master,140,Neptune,Venus,3,62671448,55,Aqua
700,Monster Card,Monster,1.300,Spiked Snail,141,Moon,Jupiter,3,98075147,Insect
900,Monster Card,Monster,1.000,Flame Manipulator,142,Mars,Pluto,3,34460851,50,Spellcaster
800,Monster Card,Monster,900,Necrolancer the Timelord,143,Venus,Uranus,3,61454890,Spellcaster
700,Monster Card,Monster,900,Djinn the Watcher of the Wind,144,Saturn,Mercury,3,97843505,35,Spellcaster
700,Monster Card,Monster,700,The Bewitching Phantom Thief,145,Venus,Pluto,2,24348204,30,Spellcaster
900,Monster Card,Monster,1.300,Temple of Skulls,146,Mercury,Pluto,4,00732302,70,Zombie
600,Monster Card,Monster,900,Monster Egg,147,Uranus,Jupiter,3,36121917,999.999,Warrior
800,Monster Card,Monster,700,The Shadow Who Controls the Dark,148,Mercury,Jupiter,3,63125616,30,Fiend
1.400,Monster Card,Monster,1.200,Lord of the Lamp,149,Mercury,Saturn,4,99510761,Fiend
1.700,Monster Card,Monster,1.400,Akihiron,150,Neptune,Jupiter,5,36904469,Aqua
1.200,Monster Card,Monster,1.300,Rhaimundos of the Red Sword,151,Neptune,Mars,4,62403074,100,Warrior
500,Monster Card,Monster,700,The Melting Red Shadow,152,Moon,Neptune,2,98898173,25,Aqua
900,Monster Card,Monster,1.200,Dokuroizo the Grim Reaper,153,Moon,Pluto,3,25882881,Zombie
700,Monster Card,Monster,500,Fire Reaper,154,Mars,Sun,2,53581214,Zombie
800,Monster Card,Monster,1.000,Larvas,155,Jupiter,Mercury,3,94675535,45,Beast
300,Monster Card,Monster,1.200,Hard Armor,156,Uranus,sun,3,20060230,30,Warrior
700,Monster Card,Monster,600,Firegrass,157,Mars,moon,2,53293545,30,Plant
800,Monster Card,Monster,600,Man Eater,158,Jupiter,Uranus,2,93553943,30,Plant
500,Monster Card,Monster,800,Dig Beak,159,Jupiter,Pluto,2,29948642,30,Beast
1.000,Monster Card,Monster,500,M-warrior #1,160,Uranus,Moon,3,56342351,Warrior
500,Monster Card,Monster,1.000,M-warrior #2,161,Uranus,Venus,3,92731455,Warrior
1.250,Monster Card,Monster,800,Tainted Wisdom,162,Moon,Mercury,3,28725004,Fiend
1.300,Monster Card,Monster,1.300,Lisark,163,Saturn,Pluto,4,55210709,Beast
1.300,Monster Card,Monster,1.000,Lord of Zemia,164,Mercury,Uranus,4,81618817,Fiend
1.400,Monster Card,Monster,700,The Judgement Hand,165,Sun,Venus,3,28003512,Warrior
1.000,Monster Card,Monster,1.500,Mysterious Puppeteer,166,Uranus,Mercury,4,54098121,100,Warrior
400,Monster Card,Monster,200,Ancient Jar,167,Uranus,Neptune,1,81492226,Rock
1.500,Monster Card,Monster,1.250,Darkfire Dragon,168,Mars,Venus,4,17881964,Dragon
1.200,Monster Card,Monster,800,Dark King of the Abyss,169,Mercury,Pluto,3,53375573,55,Fiend
800,Monster Card,Monster,2.000,Spirit of the Harp,170,Sun,Mars,4,80770678,160,Fairy
1.200,Monster Card,Monster,1.000,Big Eye,171,Venus,Neptune,4,16768387,Fiend
700,Monster Card,Monster,1.300,Armaill,172,Mars,Mercury,3,53153481,55,Warrior
600,Monster Card,Monster,1.000,Dark Prisoner,173,Mercury,Neptune,3,89558090,35,Fiend
900,Monster Card,Monster,200,Hurricail,174,Saturn,Neptune,2,15042735,25,Spellcaster
1.000,Monster Card,Monster,700,Ancient Brain,175,Mercury,Moon,3,42431843,Fiend
800,Monster Card,Monster,600,Fire Eye,176,Mars,Saturn,2,88435542,30,Pyro
800,Monster Card,Monster,1.000,Monsturtle,177,Neptune,Mercury,3,15820147,45,Aqua
1.000,Monster Card,Monster,800,Claw Reacher,178,Mercury,Mars,3,41218256,Fiend
700,Monster Card,Monster,600,Phantom Dewan,179,Mercury,Jupiter,2,77603950,Spellcaster
800,Monster Card,Monster,1.000,Arlownay,180,Jupiter,Neptune,3,14708569,Plant
1.000,Monster Card,Monster,1.000,Dark Shade,181,Saturn,Mars,3,40196604,55,Fiend
500,Monster Card,Monster,700,Masked Clown,182,Mercury,Saturn,2,77581312,25,Warrior
600,Monster Card,Monster,800,Lucky Trinket,183,Sun,Jupiter,2,03985011,Spellcaster
600,Monster Card,Monster,900,Genin,184,Venus,Sun,3,49370026,Spellcaster
600,Monster Card,Monster,500,Eyearmor,185,Uranus,Mars,2,64511793,Warrior
1.100,Monster Card,Monster,1.400,Fiend Refrection #2,186,Venus,Mars,4,02863439,Winged Beast
700,Monster Card,Monster,800,Gate Deeg,187,Moon,Mars,3,49258578,Beast
800,Monster Card,Monster,900,Synchar,188,Jupiter,Sun,3,75646173,Beast
900,Monster Card,Monster,700,Fusionist,189,Jupiter,Moon,3,01641882,35,Beast
1.000,Monster Card,Monster,800,Akakieisu,190,Mercury,Uranus,3,38035986,Spellcaster
600,Monster Card,Monster,600,LALA Li-oon,191,Pluto,Moon,2,09430387,25,Thunder
400,Monster Card,Monster,300,Key Mace,192,Sun,Saturn,1,01929294,15,Fairy
1.000,Monster Card,Monster,1.500,Turtle Tiger,193,Neptune,Saturn,4,37313348,100,Aqua
1.200,Monster Card,Monster,1.300,Terra the Terrible,194,Moon,Jupiter,4,63308047,Fiend
900,Monster Card,Monster,500,Doron,195,Neptune,Moon,2,00756652,Warrior
1.000,Monster Card,Monster,1.200,Arma Knight,196,Neptune,Venus,4,36151751,Aqua
500,Monster Card,Monster,400,Mech Mole Zombie,197,Moon,Saturn,2,63545455,Zombie
800,Monster Card,Monster,500,Happy Lover,198,Sun,Uranus,2,99030164,30,Fairy
900,Monster Card,Monster,800,Penguin Knight,199,Uranus,Mercury,3,36039163,40,Aqua
600,Monster Card,Monster,700,Petit Dragon,200,Saturn,Sun,2,75356564,30,Dragon
1.200,Monster Card,Monster,1.000,Frenzied Panda,201,Jupiter,Venus,4,98818516,Beast
400,Monster Card,Monster,600,Air Marmot of Nefariousness,202,Moon,Uranus,2,75889523,Beast
600,Monster Card,Monster,800,Phantom Ghost,203,Moon,Pluto,2,61201220,Zombie
1.700,Monster Card,Monster,1.400,Mabarrel,204,Moon,Neptune,5,98795934,Fiend
900,Monster Card,Monster,800,Dorover,205,Neptune,Sun,3,24194033,40,Aqua
900,Monster Card,Monster,700,Twin Long Rods #1,206,Moon,Mercury,3,60589682,Aqua
600,Monster Card,Monster,500,Droll Bird,207,Saturn,Moon,2,97973387,Winged Beast
600,Monster Card,Monster,900,Petit Angel,208,Sun,Pluto,3,38142739,30,Fairy
700,Monster Card,Monster,700,Winged Cleaver,209,Jupiter,Mercury,2,39175982,Insect
600,Monster Card,Monster,500,Hinotama Soul,210,Mars,Uranus,2,96851799,Pyro
700,Monster Card,Monster,600,Kaminarikozou,211,Pluto,Venus,2,15510988,Thunder
700,Monster Card,Monster,600,Meotoko,212,Moon,Mars,2,53832650,Beast
1.200,Monster Card,Monster,2.000,Aqua Madoor,213,Neptune,Mercury,4,85639257,250,Spellcaster
800,Monster Card,Monster,400,Kagemusha of the Blue Flame,214,Mars,Sun,2,15401633,Warrior
1.000,Monster Card,Monster,800,Flame Ghost,215,Mars,Pluto,3,58528964,45,Zombie
1.200,Monster Card,Monster,1.400,Dryad,216,Jupiter,Uranus,4,84916669,120,Spellcaster
3.200,Monster Card,Monster,2.500,B. Skull Dragon,217,Moon,Jupiter,9,11901678,Dragon
900,Monster Card,Monster,700,Two-mouth Darkruler,218,Moon,Saturn,3,57305373,35,Dinosaur
1.050,Monster Card,Monster,1.000,Solitude,219,Moon,Uranus,3,84794011,55,Beast-Warrior
900,Monster Card,Monster,1.400,Masked Sorcerer,220,Mercury,Neptune,4,10189126,80,Spellcaster
700,Monster Card,Monster,1.400,Kumootoko,221,Jupiter,Pluto,3,56283725,Insect
800,Monster Card,Monster,600,Midnight Fiend,222,Moon,Neptune,2,83678433,Fiend
2.100,Monster Card,Monster,1.800,Roaring Ocean Snake,223,Neptune,Mars,6,19066538,550,Aqua
500,Monster Card,Monster,1.100,Trap Master,224,Mercury,Moon,3,46461247,35,Warrior
1.400,Monster Card,Monster,800,Fiend Sword,225,Moon,Mercury,4,22855882,Warrior
900,Monster Card,Monster,800,Skull Stalker,226,Moon,Mars,3,54844990,Warrior
600,Monster Card,Monster,700,Hitodenchak,227,Neptune,Mars,2,46718686,Aqua
1.000,Monster Card,Monster,900,Wood Remains,228,Jupiter,Neptune,3,17733394,50,Zombie
700,Monster Card,Monster,600,Hourglass of Life,229,Sun,Neptune,2,08783685,30,Fairy
1.500,Monster Card,Monster,1.200,Rare Fish,230,Neptune,Jupiter,4,80516007,140,Fish
800,Monster Card,Monster,1.200,Wood Clown,231,Mercury,Mars,3,17511156,Warrior
600,Monster Card,Monster,800,Madjinn Gunn,232,Moon,Jupiter,2,43905751,Fiend
1.300,Monster Card,Monster,1.100,Dark Titan of Terror,233,Mercury,Jupiter,4,89494469,Fiend
1.600,Monster Card,Monster,800,Beautiful Headhuntress,234,Mercury,Saturn,4,16899564,Warrior
900,Monster Card,Monster,1.200,Wodan the Resident of the Forest,235,Jupiter,Sun,3,42883273,999.999,Warrior
1.000,Monster Card,Monster,1.200,Guardian of the Labyrinth,236,Pluto,Mercury,4,89272878,Warrior
500,Monster Card,Monster,500,Haniwa,237,Uranus,Jupiter,2,84285623,20,Rock
800,Monster Card,Monster,600,Yashinoki,238,Jupiter,Moon,2,41061625,Plant
900,Monster Card,Monster,700,Vishwar Randi,239,Mercury,Uranus,3,78556320,35,Warrior
700,Monster Card,Monster,800,The Drdek,240,Moon,Saturn,3,08944575,Fiend
1.200,Monster Card,Monster,1.200,Dark Assailant,241,Moon,Uranus,4,41949033,Zombie
600,Monster Card,Monster,600,Candle of Fate,242,Mars,moon,2,47695416,25,Fiend
900,Monster Card,Monster,700,Water Element,243,Neptune,Saturn,3,03732747,35,Aqua
900,Monster Card,Monster,1.000,Dissolverock,244,Mars,Venus,3,40826495,Rock
800,Monster Card,Monster,400,Meda Bat,245,Moon,Neptune,2,76211194,Fiend
1.100,Monster Card,Monster,1.000,One Who Hunts Souls,246,Moon,Mercury,4,03606209,60,Beast-Warrior
900,Monster Card,Monster,800,Root Water,247,Neptune,sun,3,39004808,40,Fish
1.200,Monster Card,Monster,1.000,Master & Expert,248,Jupiter,Venus,4,75499502,70,Beast
1.400,Monster Card,Monster,1.200,Water Omotics,249,Neptune,Moon,4,02483611,Aqua
800,Monster Card,Monster,1.200,Hyo,250,Neptune,Mercury,3,38982356,Warrior
1.200,Monster Card,Monster,900,Enchanting Mermaid,251,Neptune,Venus,3,75376965,60,Fish
1.100,Monster Card,Monster,900,Nekogal #1,252,Jupiter,Mercury,3,01761063,Beast
800,Monster Card,Monster,1.000,Angelwitch,253,Mercury,Neptune,3,37160778,Spellcaster
500,Monster Card,Monster,750,Embryonic Beast,254,Moon,Mars,2,64154377,Fiend
500,Monster Card,Monster,2.000,Prevent Rat,255,Jupiter,Uranus,4,00549481,100,Beast
1.200,Monster Card,Monster,1.000,Dimensional Warrior,256,Venus,Mars,4,37043180,Warrior
800,Monster Card,Monster,1.200,Stone Armadiller,257,Uranus,Sun,3,63432835,55,Rock
1.000,Monster Card,Monster,1.100,Beastking of the Swamps,258,Uranus,Mercury,4,99426834,Aqua
1.000,Monster Card,Monster,1.300,Ancient Sorcerer,259,Mercury,Moon,4,36821538,80,Spellcaster
750,Monster Card,Monster,1.100,Lunar Queen Elzaim,260,Moon,Venus,3,62210247,Fairy
700,Monster Card,Monster,600,Wicked Mirror,261,Venus,Jupiter,2,15150371,Fiend
800,Monster Card,Monster,1.300,The Little Swordsman of Aile,262,Neptune,Mars,3,25109950,Warrior
700,Monster Card,Monster,1.400,Rock Ogre Grotto #2,263,Uranus,Sun,3,62193699,Rock
500,Monster Card,Monster,1.300,Wing Egg Elf,264,Sun,Mars,3,98582704,45,Fairy
800,Monster Card,Monster,700,The Furious Sea King,265,Neptune,Jupiter,3,18710707,30,Aqua
900,Monster Card,Monster,700,Princess of Tsurugi,266,Saturn,Venus,3,51371017,Warrior
1.000,Monster Card,Monster,500,Unknown Warrior of Fiend,267,Mercury,Mars,3,97360116,Warrior
700,Monster Card,Monster,500,Sectarian of Secrets,268,Mercury,Jupiter,2,15507080,Spellcaster
1.100,Monster Card,Monster,900,Versago the Destroyer,269,Mercury,Saturn,3,50259460,Fiend
1.000,Monster Card,Monster,900,Wetha,270,Neptune,Saturn,3,96643568,50,Aqua
900,Monster Card,Monster,600,Megirus Light,271,Mercury,Uranus,3,23032273,30,Fiend
1.300,Monster Card,Monster,900,Mavelus,272,Mars,Mercury,4,59036972,70,Winged Beast
600,Monster Card,Monster,1.500,Ancient Tree of Enlightenment,273,Jupiter,Pluto,3,86421986,60,Plant
500,Monster Card,Monster,1.600,Green Phantom King,274,Jupiter,Neptune,3,22910685,Plant
1.500,Monster Card,Monster,1.000,Ground Attacker Bugroth,275,Uranus,Moon,4,58314394,100,Machine
1.000,Monster Card,Monster,1.000,Ray & Temperature,276,Sun,Saturn,3,85309439,Fairy
300,Monster Card,Monster,1.300,Gorgon Egg,277,Moon,Jupiter,3,11793047,35,Fiend
300,Monster Card,Monster,200,Petit Moth,278,Jupiter,Sun,1,58192742,10,Insect
1.000,Monster Card,Monster,900,King Fog,279,Mercury,Neptune,3,84686841,Fiend
800,Monster Card,Monster,1.500,Protector of the Throne,280,Uranus,Venus,4,10071456,80,Warrior
1.500,Monster Card,Monster,1.000,Mystic Clown,281,Mercury,Moon,4,47060154,Fiend
800,Monster Card,Monster,1.000,Mystical Sheep #2,282,Venus,Saturn,3,83464209,Beast
1.100,Monster Card,Monster,700,Holograh,283,Sun,Jupiter,3,10859908,Machine
1.200,Monster Card,Monster,900,Tao the Chanter,284,Venus,Uranus,3,46247516,Spellcaster
700,Monster Card,Monster,600,Serpent Marauder,285,Sun,Neptune,2,82742611,Reptile
1.500,Monster Card,Monster,1.800,Gatekeeper,286,Mercury,Mars,5,19737320,290,Machine
1.200,Monster Card,Monster,1.400,Ogre of the Black Shadow,287,Moon,Saturn,4,45121025,120,Beast-Warrior
600,Monster Card,Monster,1.400,Dark Artist,288,Mercury,Jupiter,3,72520073,999.999,Fiend
400,Monster Card,Monster,300,Change Slime,289,Neptune,Moon,1,18914778,15,Aqua
1.100,Monster Card,Monster,1.000,Moon Envoy,290,Moon,Saturn,4,45909477,60,Warrior
1.300,Monster Card,Monster,1.000,Fireyarou,291,Mars,Saturn,4,71407486,Pyro
400,Monster Card,Monster,1.000,Psychic Kappa,292,Neptune,Venus,2,07892180,Aqua
1.100,Monster Card,Monster,1.100,Masaki the Legendary Swordsman,293,Sun,Uranus,4,44287299,Warrior
1.200,Monster Card,Monster,900,Dragoness the Wicked Knight,294,Saturn,Mercury,3,70681994,Warrior
600,Monster Card,Monster,1.300,Bio Plant,295,Jupiter,Moon,3,07670542,50,Fiend
700,Monster Card,Monster,1.300,One-eyed Shield Dragon,296,Saturn,Pluto,3,33064647,55,Dragon
1.400,Monster Card,Monster,1.200,Cyber Soldier of Darkworld,297,Moon,Uranus,4,75559356,Machine
900,Monster Card,Monster,900,Wicked Dragon with the Ersatz Head,298,Moon,Neptune,3,02957055,Dragon
1.200,Monster Card,Monster,900,Sonic Maid,299,Sun,Pluto,3,38942059,Warrior
800,Monster Card,Monster,800,Kurama,300,Saturn,Neptune,3,85705804,Winged Beast
Spell Card,Equip,Legendary Sword,301,61854111,800
Spell Card,Equip,Sword of Dark Destruction,302,37120512,800
Spell Card,Equip,Dark Energy,303,04614116,800
Spell Card,Equip,Axe of Despair,304,40619825,800
Spell Card,Equip,Laser Cannon Armor,305,77007920,800
Spell Card,Equip,Insect Armor with Laser Cannon,306,03492538,800
Spell Card,Equip,Elf's Light,307,39897277,800
Spell Card,Equip,Beast Fangs,308,46009906,800
Spell Card,Equip,Steel Shell,309,02370081,800
Spell Card,Equip,Vile Germs,310,39774685,800
Spell Card,Equip,Black Pendant,311,65169794,800
Spell Card,Equip,Silver Bow, Arrow,312,01557499,800
Spell Card,Equip,Horn of Light,313,38552107,800
Spell Card,Equip,Horn of the Unicorn,314,64047146,800
Spell Card,Equip,Dragon Treasure,315,01435851,800
Spell Card,Equip,Electro-whip,316,37820550,800
Spell Card,Equip,Cyber Shield,317,63224564,800
Spell Card,Equip,Elegant Egotist,318,90219263,999.999
Spell Card,Equip,Mystical Moon,319,36607978,800
Spell Card,Magic,Stop Defense,320,63102017,800
Spell Card,Equip,Malevolent Nuzzler,321,99597615,800
Spell Card,Equip,Violet Crystal,322,15052462,800
Spell Card,Equip,Book of Secret Arts,323,91595718,800
Spell Card,Equip,Invigoration,324,98374133,800
Spell Card,Equip,Machine Conversion Factory,325,25769732,999.999
Spell Card,Equip,Raise Body Heat,326,51267887,800
Spell Card,Equip,Follow Wind,327,98252586,800
Spell Card,Equip,Power of Kaishin,328,77027445,800
Spell Card,Magic,Dragon Capture Jar,329,50045299,999.999
Spell Card,Field,Forest,330,87430998,55
Spell Card,Field,Wasteland,331,23424603,55
Spell Card,Field,Mountain,332,50913601,55
Spell Card,Field,Sogen,333,86318356,55
Spell Card,Field,Umi,334,22702055,55
Spell Card,Field,Yami,335,59197169,55
Spell Card,Magic,Dark Hole,336,53129443,20.000
Spell Card,Magic,Raigeki,337,12580477,999.999
Spell Card,Magic,Mooyan Curry,338,58074572,999.999
Spell Card,Magic,Red Medicine,339,38199696,55
Spell Card,Magic,Goblin's Secret Remedy,340,11868825,20.000
Spell Card,Magic,Soul of the Pure,341,47852924,35.000
Spell Card,Magic,Dian Keto the Cure Master,342,84257639,999.999
Spell Card,Magic,Sparks,343,76103675,10
Spell Card,Magic,Hinotama,344,46130346,55
Spell Card,Magic,Final Flame,345,73134081,20.000
Spell Card,Magic,Ookazi,346,19523799,35.000
Spell Card,Magic,Tremendous Fire,347,46918794,999.999
Spell Card,Magic,Swords of Revealing Light,348,72302403,999.999
Spell Card,Magic,Spellbinding Circle,349,18807108,999.999
Spell Card,Magic,Dark-piercing Light,350,45895206,999.999
1.300,Monster Card,Monster,1.500,Yaranzo,351,Moon,Mercury,4,71280811,160,Zombie
1.400,Monster Card,Monster,1.400,Kanan the Swordmistress,352,Uranus,Neptune,4,12829151,Warrior
1.500,Monster Card,Monster,1.200,Takriminos,353,Neptune,Mercury,4,44073668,140,Sea Serpent
1.200,Monster Card,Monster,900,Stuffed Animal,354,Moon,Mars,3,71068263,Warrior
1.500,Monster Card,Monster,1.800,Megasonic Eye,355,Moon,Jupiter,5,07562372,290,Machine
2.300,Monster Card,Monster,2.100,Super War-lion,356,Jupiter,Venus,7,zzzzz
1.600,Monster Card,Monster,1.800,Yamadron,357,Mars,Uranus,5,70345785,Dragon
2.500,Monster Card,Monster,2.300,Seiyaryu,358,Sun,Neptune,7,06740720,Dragon
1.100,Monster Card,Monster,800,Three-legged Zombies,359,Moon,Pluto,3,33734439,Zombie
2.800,Monster Card,Monster,2.300,Zera The Mant,360,Moon,Saturn,8,zzzzz
1.200,Monster Card,Monster,1.000,Flying Penguin,361,Neptune,Jupiter,4,05628232,70,Aqua
0,Monster Card,Monster,3.000,Millennium Shield,362,Uranus,Mars,5,32012841,200,Warrior
1.400,Monster Card,Monster,1.000,Fairy's Gift,363,Jupiter,Mercury,4,68401546,120,Spellcaster
3.000,Monster Card,Monster,2.500,Black Luster Soldier,364,Moon,Uranus,8,zzzzz,Warrior
2.100,Monster Card,Monster,1.800,Fiend's Mirror,365,Venus,Pluto,6,zzzzz,Fiend
0,Monster Card,Monster,3.000,Labyrinth Wall,366,Uranus,Jupiter,5,67284908,200,Rock
2.200,Monster Card,Monster,100,Jirai Gumo,367,Jupiter,Uranus,4,94773007,Insect
1.600,Monster Card,Monster,1.300,Shadow Ghoul,368,Moon,Pluto,5,30778711,180,Zombie
1.600,Monster Card,Monster,3.000,Wall Shadow,369,Moon,Neptune,7,63162310,999.999,Warrior
2.400,Monster Card,Monster,2.400,Labyrinth Tank,370,Moon,Mercury,7,99551425,Machine
2.600,Monster Card,Monster,2.200,Sanga of the Thunder,371,Pluto,Mars,7,25955164,Thunder
2.400,Monster Card,Monster,2.200,Kazejin,372,Saturn,Mars,7,62340868,Spellcaster
2.500,Monster Card,Monster,2.400,Suijin,373,Neptune,Saturn,7,98434877,Aqua
3.750,Monster Card,Monster,3.400,Gate Guardian,374,Moon,Mars,11,zzzzz
1.800,Monster Card,Monster,1.500,Dungeon Worm,375,Uranus,Moon,5,51228280,290,Insect
1.800,Monster Card,Monster,1.600,Monster Tamer,376,Jupiter,Pluto,5,97612389,320,Warrior
1.600,Monster Card,Monster,1.200,Ryu-kishin Powered,377,Moon,Jupiter,4,24611934,Fiend
2.000,Monster Card,Monster,1.600,Swordstalker,378,Moon,Saturn,6,50005633,Warrior
1.800,Monster Card,Monster,1.000,La Jinn the Mystical Genie,379,Mercury,Saturn,4,97590747,Fiend
4.500,Monster Card,Monster,3.800,Blue-eyes Ultimate Dragon,380,Sun,Venus,12,zzzzz
800,Monster Card,Monster,1.600,Toon Alligator,381,Neptune,Mars,4,59383041,120,Reptile
1.800,Monster Card,Monster,1.600,Rude Kaiser,382,Uranus,Sun,5,26378150,320,Beast-Warrior
2.000,Monster Card,Monster,1.300,Parrot Dragon,383,Saturn,Sun,5,62762898,290,Dragon
1.100,Monster Card,Monster,1.500,Dark Rabbit,384,Moon,Uranus,4,99261403,120,Beast
2.300,Monster Card,Monster,2.000,Bickuribox,385,Moon,Neptune,7,25655502,Fiend
2.000,Monster Card,Monster,2.500,Harpie's Pet Dragon,386,Saturn,Moon,7,52040216,999.999,Dragon
400,Monster Card,Monster,300,Mystic Lamp,387,mercury,Uranus,1,98049915,Spellcaster
1.750,Monster Card,Monster,2.000,Pendulum Machine,388,Mercury,Neptune,6,24433920,Machine
1.850,Monster Card,Monster,1.500,Giltia the D. Knight,389,Sun,Mars,5,51828629,Warrior
2.200,Monster Card,Monster,2.500,Launcher Spider,390,Mars,Pluto,7,87322377,Machine
2.600,Monster Card,Monster,1.900,Zoa,391,Moon,Mercury,7,24311372,Fiend
3.000,Monster Card,Monster,2.300,Metalzoa,392,Moon,Mars,8,50705071,Machine
250,Monster Card,Monster,200,Zone Eater,393,Sun,Neptune,1,86100785,10,Aqua
250,Monster Card,Monster,300,Steel Scorpion,394,Jupiter,Neptune,1,13599884,Machine
300,Monster Card,Monster,200,Dancing Elf,395,Jupiter,Sun,1,59983499,10,Fairy
1.550,Monster Card,Monster,1.650,Ocubeam,396,Saturn,Venus,5,86088138,Fairy
300,Monster Card,Monster,350,Leghul,397,Jupiter,Moon,1,12472242,15,Insect
300,Monster Card,Monster,250,Ooguchi,398,Neptune,moon,1,58861941,Aqua
250,Monster Card,Monster,250,Swordsman from a Foreign Land,399,Uranus,Venus,1,85255550,10,Warrior
1.800,Monster Card,Monster,1.500,Emperor of the Land, Sea,400,Neptune,Venus,5,11250655,290,Reptile
2.150,Monster Card,Monster,1.950,Ushi Oni,401,Jupiter,Venus,6,48649353,Fiend
250,Monster Card,Monster,300,Monster Eye,402,Moon,Jupiter,1,84133008,15,Fiend
1.750,Monster Card,Monster,1.550,Leogun,403,Uranus,Mercury,5,10538007,290,Beast
1.350,Monster Card,Monster,1.600,Tatsunootoshigo,404,Neptune,Mercury,5,47922711,Beast
1.450,Monster Card,Monster,1.500,Saber Slasher,405,Moon,Saturn,5,73911410,Machine
1.000,Monster Card,Monster,1.300,Yaiba Robo,406,Moon,Uranus,4,10315429,Machine
2.200,Monster Card,Monster,2.000,Machine King,407,Mars,Sun,6,46700124,800,Machine
1.750,Monster Card,Monster,1.900,Giant Mech-soldier,408,Moon,Neptune,6,72299832,400,Machine
1.850,Monster Card,Monster,1.700,Metal Dragon,409,Mars,moon,6,09293977,350,Machine
400,Monster Card,Monster,500,Mechanical Spider,410,Jupiter,Mercury,2,45688586,20,Machine
300,Monster Card,Monster,350,Bat,411,Moon,mercury,1,72076281,15,Machine
1.200,Monster Card,Monster,1.400,Giga-tech Wolf,412,Jupiter,Uranus,4,08471389,120,Machine
1.500,Monster Card,Monster,1.700,Cyber Soldier,413,Moon,Mars,5,44865098,Machine
900,Monster Card,Monster,1.200,Shovel Crusher,414,Uranus,Neptune,3,71950093,60,Machine
1.850,Monster Card,Monster,800,Mechanicalchacer,415,Moon,Jupiter,4,07359741,Machine
850,Monster Card,Monster,1.800,Blocker,416,Moon,Saturn,4,34743446,120,Machine
800,Monster Card,Monster,900,Blast Juggler,417,Mars,Venus,3,70138455,Machine
900,Monster Card,Monster,1.600,Golgoil,418,Venus,Neptune,4,07526150,Machine
1.700,Monster Card,Monster,1.800,Giganto,419,Moon,Uranus,5,33621868,350,Machine
700,Monster Card,Monster,500,Cyber-Stein,420,Moon,Neptune,2,69015963,Machine
750,Monster Card,Monster,700,Cyber Commander,421,Moon,mercury,2,06400512,Machine
500,Monster Card,Monster,400,Jinzo #7,422,Moon,Mars,2,32809211,Machine
1.650,Monster Card,Monster,1.800,Dice Armadillo,423,Jupiter,Pluto,5,69893315,320,Machine
1.900,Monster Card,Monster,1.800,Sky Dragon,424,Saturn,Uranus,6,95288024,1.000,Dragon
1.600,Monster Card,Monster,1.500,Thunder Dragon,425,Pluto,Jupiter,5,31786629,230,Thunder
2.000,Monster Card,Monster,2.300,Stone D.,426,Uranus,Mars,7,68171737,900,Rock
2.300,Monster Card,Monster,2.000,Kaiser Dragon,427,Sun,Jupiter,7,94566432,900,Dragon
300,Monster Card,Monster,400,Magician of Faith,428,Sun,Saturn,1,31560081,Spellcaster
950,Monster Card,Monster,700,Goddess of Whim,429,Sun,Uranus,3,67959180,999.999,Fairy
1.400,Monster Card,Monster,1.000,Water Magician,430,Neptune,Mercury,4,93343894,120,Spellcaster
1.150,Monster Card,Monster,900,Ice Water,431,Neptune,Moon,3,20848593,55,Aqua
1.100,Monster Card,Monster,700,Waterdragon Fairy,432,Neptune,Venus,3,66836598,Aqua
1.450,Monster Card,Monster,1.200,Ancient Elf,433,Sun,Pluto,4,93221206,120,Spellcaster
1.750,Monster Card,Monster,1.500,Beautiful Beast Trainer,434,Jupiter,Neptune,5,29616941,Warrior
1.250,Monster Card,Monster,1.000,Water Girl,435,Neptune,Venus,4,55014050,70,Aqua
500,Monster Card,Monster,400,White Dolphin,436,Neptune,Jupiter,2,92409659,50,Fish
1.900,Monster Card,Monster,1.600,Deepsea Shark,437,Neptune,Mars,5,28593363,350,Fish
1.600,Monster Card,Monster,1.900,Metal Fish,438,Neptune,Saturn,5,55998462,350,Machine
1.650,Monster Card,Monster,1.700,Bottom Dweller,439,Neptune,sun,5,81386177,Fish
1.800,Monster Card,Monster,800,7 Colored Fish,440,Neptune,Sun,4,23771716,Fish
1.800,Monster Card,Monster,1.500,Mech Bass,441,Neptune,Venus,5,50176820,Machine
2.250,Monster Card,Monster,1.900,Aqua Dragon,442,Neptune,Moon,6,86164529,700,Sea Serpent
2.000,Monster Card,Monster,1.700,Sea King Dragon,443,Neptune,Mercury,6,23659124,1.000,Sea Serpent
450,Monster Card,Monster,500,Turu-Purun,444,Neptune,Jupiter,2,59053232,Aqua
1.300,Monster Card,Monster,1.000,Guardian of the Sea,445,Neptune,Mars,4,85448931,Aqua
1.050,Monster Card,Monster,900,Aqua Snake,446,Neptune,Saturn,3,12436646,50,Aqua
1.800,Monster Card,Monster,800,Giant Red Seasnake,447,Neptune,Sun,4,58831685,Aqua
1.600,Monster Card,Monster,1.300,Spike Seadra,448,Pluto,mercury,5,85326399,180,Sea Serpent
1.250,Monster Card,Monster,2.100,30.000-Year White Turtle,449,Neptune,moon,5,11714098,290,Aqua
1.200,Monster Card,Monster,900,Kappa Avenger,450,Neptune,Venus,3,48109103,Aqua
650,Monster Card,Monster,900,Kanikabuto,451,Neptune,Saturn,3,84103702,Aqua
600,Monster Card,Monster,700,Zarigun,452,Neptune,Mercury,2,10598400,30,Aqua
2.000,Monster Card,Monster,2.200,Millennium Golem,453,Uranus,Jupiter,6,47986555,800,Rock
1.500,Monster Card,Monster,1.000,Destroyer Golem,454,Uranus,Sun,4,73481154,100,Rock
1.000,Monster Card,Monster,1.300,Barrel Rock,455,Uranus,Moon,4,10476868,Rock
1.300,Monster Card,Monster,1.200,Minomushi Warrior,456,Uranus,Venus,4,46864967,Warrior
1.200,Monster Card,Monster,1.000,Stone Ghost,457,Uranus,Mercury,4,72269672,70,Rock
1.900,Monster Card,Monster,1.400,Kaminari Attack,458,Pluto,Venus,5,09653271,Thunder
1.200,Monster Card,Monster,1.300,Tripwire Beast,459,Pluto,Saturn,4,45042329,Thunder
1.400,Monster Card,Monster,1.500,Bolt Escargot,460,Pluto,Jupiter,5,12146024,180,Thunder
1.100,Monster Card,Monster,800,Bolt Penguin,461,Pluto,Moon,3,48531733,50,Thunder
1.500,Monster Card,Monster,1.300,The Immortal of Thunder,462,Pluto,Sun,4,84926738,Thunder
800,Monster Card,Monster,900,Electric Snake,463,Pluto,Mars,3,11324436,40,Thunder
1.800,Monster Card,Monster,1.500,Wing Eagle,464,Saturn,mercury,5,47319141,290,Winged Beast
2.100,Monster Card,Monster,1.800,Punished Eagle,465,Saturn,Pluto,6,74703140,Winged Beast
1.550,Monster Card,Monster,1.200,Skull Red Bird,466,Saturn,Sun,4,10202894,Winged Beast
2.300,Monster Card,Monster,1.800,Crimson Sunbird,467,Mars,Mercury,6,46696593,700,Winged Beast
1.200,Monster Card,Monster,2.000,Queen Bird,468,Saturn,Moon,5,73081602,260,Winged Beast
300,Monster Card,Monster,300,Armed Ninja,469,Neptune,Mars,1,09076207,Warrior
1.300,Monster Card,Monster,1.400,Magical Ghost,470,Moon,Pluto,4,46474915,140,Zombie
2.200,Monster Card,Monster,1.800,Soul Hunter,471,Moon,Jupiter,6,72869010,800,Fiend
2.100,Monster Card,Monster,1.600,Air Eater,472,Moon,Saturn,6,08353769,1.000,Fiend
1.900,Monster Card,Monster,1.500,Vermillion Sparrow,473,Mars,Pluto,5,35752363,320,Pyro
1.100,Monster Card,Monster,1.300,Sea Kamen,474,Neptune,Sun,4,71746462,120,Aqua
300,Monster Card,Monster,250,Sinister Serpent,475,Neptune,Jupiter,1,08131171,Reptile
600,Monster Card,Monster,800,Ganigumo,476,Jupiter,Sun,2,34536276,Insect
950,Monster Card,Monster,700,Alinsection,477,Jupiter,Moon,3,70924884,Insect
1.000,Monster Card,Monster,800,Insect Soldiers of the Sky,478,Saturn,Neptune,3,07019529,45,Insect
800,Monster Card,Monster,900,Cockroach Knight,479,Jupiter,Venus,3,33413638,999.999,Insect
1.250,Monster Card,Monster,1.000,Kuwagata Î±,480,Jupiter,Mercury,4,60802233,Insect
850,Monster Card,Monster,800,Burglar,481,Jupiter,Uranus,3,06297941,35,Beast
1.900,Monster Card,Monster,1.500,Pragtical,482,Uranus,Neptune,5,33691040,320,Dinosaur
2.000,Monster Card,Monster,1.700,Garvas,483,Jupiter,Pluto,6,69780745,1.000,Beast
300,Monster Card,Monster,350,Ameba,484,Neptune,Moon,1,95174353,15,Aqua
550,Monster Card,Monster,400,Korogashi,485,Jupiter,Neptune,2,32569498,Insect
650,Monster Card,Monster,500,Boo Koo,486,Sun,Jupiter,2,68963107,25,Spellcaster
1.800,Monster Card,Monster,1.400,Flower Wolf,487,Jupiter,Sun,5,95952802,260,Beast
400,Monster Card,Monster,500,Rainbow Flower,488,Jupiter,Moon,2,21347810,20,Plant
1.100,Monster Card,Monster,600,Barrel Lily,489,Jupiter,Venus,3,67841515,Plant
750,Monster Card,Monster,700,Needle Ball,490,Moon,Uranus,2,94230224,30,Fiend
1.700,Monster Card,Monster,1.500,Peacock,491,Jupiter,Mercury,5,20624263,260,Winged Beast
500,Monster Card,Monster,700,Hoshiningen,492,Sun,Neptune,2,67629977,Fairy
1.550,Monster Card,Monster,1.400,Maha Vailo,493,Sun,Venus,4,93013676,Spellcaster
1.550,Monster Card,Monster,1.700,Rainbow Marine Mermaid,494,Neptune,Venus,5,29402771,260,Fish
1.750,Monster Card,Monster,1.500,Musician King,495,Sun,Mars,5,56907389,260,Spellcaster
1.000,Monster Card,Monster,1.200,Wilmee,496,Jupiter,Uranus,4,92391084,70,Beast
900,Monster Card,Monster,1.700,Yado Karu,497,Neptune,Mercury,4,29380133,Aqua
1.550,Monster Card,Monster,1.300,Morinphen,498,Moon,Neptune,5,55784832,160,Fiend
250,Monster Card,Monster,300,Kattapillar,499,Jupiter,Neptune,1,81179446,999.999,Insect
2.100,Monster Card,Monster,2.000,Dragon Seeker,500,Moon,Mercury,6,28563545,Fiend
450,Monster Card,Monster,600,Man-eater Bug,501,Jupiter,Pluto,2,54652250,20,Insect
1.300,Monster Card,Monster,1.100,D. Human,502,Uranus,Mars,4,81057959,Warrior
700,Monster Card,Monster,900,Turtle Raccoon,503,Jupiter,Sun,3,17441953,Aqua
400,Monster Card,Monster,300,Fungi of the Musk,504,Jupiter,Moon,1,53830602,Fiend
800,Monster Card,Monster,1.000,Prisman,505,Uranus,Jupiter,3,80234301,45,Rock
650,Monster Card,Monster,600,Gale Dogra,506,Jupiter,Venus,2,16229315,25,Insect
1.600,Monster Card,Monster,1.200,Crazy Fish,507,Neptune,Jupiter,4,53713014,160,Fish
1.800,Monster Card,Monster,1.400,Cyber Saurus,508,Uranus,Sun,5,89112729,Machine
2.200,Monster Card,Monster,2.000,Bracchio-raidus,509,Uranus,Moon,6,16507828,Dinosaur
900,Monster Card,Monster,500,Laughing Flower,510,Jupiter,Mercury,2,42591472,30,Plant
1.400,Monster Card,Monster,1.300,Bean Soldier,511,Jupiter,Uranus,4,84990171,140,Plant
1.400,Monster Card,Monster,1.300,Cannon Soldier,512,Moon,mars,4,11384280,140,Machine
1.650,Monster Card,Monster,1.600,Guardian of the Throne Room,513,Sun,Saturn,5,47879985,Machine
1.300,Monster Card,Monster,1.000,Brave Scizzar,514,Moon,Jupiter,4,74277583,Machine
1.100,Monster Card,Monster,1.400,The Statue of Easter Island,515,Uranus,Venus,4,10262698,Rock
600,Monster Card,Monster,300,Muka Muka,516,Uranus,Mercury,2,46657337,20,Rock
1.300,Monster Card,Monster,1.600,Sand Stone,517,Uranus,Mars,5,73051941,180,Rock
1.450,Monster Card,Monster,2.200,Boulder Tortoise,518,Uranus,Neptune,6,09540040,Aqua
1.600,Monster Card,Monster,1.500,Fire Kraken,519,Mars,Saturn,5,46534755,230,Aqua
1.900,Monster Card,Monster,1.700,Turtle Bird,520,Saturn,Mars,6,72929454,400,Aqua
1.900,Monster Card,Monster,1.700,Skullbird,521,Saturn,Venus,6,08327462,Winged Beast
2.000,Monster Card,Monster,1.900,Monstrous Bird,522,Saturn,Mercury,6,35712107,550,Winged Beast
1.800,Monster Card,Monster,1.000,The Bistro Butcher,523,Moon,Saturn,4,71107816,Fiend
550,Monster Card,Monster,500,Star Boy,524,Neptune,Mars,2,08201910,20,Aqua
1.300,Monster Card,Monster,1.800,Spirit of the Mountain,525,Uranus,Jupiter,5,34690519,230,Spellcaster
1.750,Monster Card,Monster,1.900,Neck Hunter,526,Moon,Uranus,6,70084224,400,Fiend
300,Monster Card,Monster,250,Milus Radiant,527,Jupiter,Neptune,1,07489323,10,Beast
1.600,Monster Card,Monster,1.800,Togex,528,Uranus,Sun,5,33878931,Beast
2.100,Monster Card,Monster,1.800,Flame Cerebrus,529,Mars,Pluto,6,60862676,Pyro
950,Monster Card,Monster,1.000,Eldeen,530,Mercury,Moon,3,06367785,50,Spellcaster
2.100,Monster Card,Monster,1.700,Mystical Sand,531,Mercury,Saturn,6,32751480,Rock
1.900,Monster Card,Monster,900,Gemini Elf,532,Sun,Uranus,4,69140098,160,Spellcaster
1.900,Monster Card,Monster,1.700,Kwagar Hercules,533,Jupiter,Sun,6,95144193,Insect
800,Monster Card,Monster,750,Minar,534,Moon,Neptune,3,32539892,Insect
1.150,Monster Card,Monster,1.400,Kamakiriman,535,Jupiter,Moon,4,68928540,Insect
800,Monster Card,Monster,600,Mechaleon,536,Neptune,Saturn,2,94412545,30,Reptile
750,Monster Card,Monster,600,Mega Thunderball,537,Pluto,Mercury,2,21817254,30,Thunder
900,Monster Card,Monster,800,Niwatori,538,Jupiter,Venus,3,07805359,Winged Beast
110,Monster Card,Monster,700,Corroding Shark,539,Moon,Pluto,3,34290067,Zombie
900,Monster Card,Monster,400,Skelengel,540,Sun,Pluto,2,60694662,Fairy
450,Monster Card,Monster,500,Hane-Hane,541,Saturn,Pluto,2,07089711,Beast
1.400,Monster Card,Monster,1.600,Misairuzame,542,Neptune,Sun,5,33178416,Fish
1.350,Monster Card,Monster,800,Tongyo,543,Neptune,moon,4,69572024,Fish
900,Monster Card,Monster,500,Dharma Cannon,544,Moon,Mercury,2,96967123,Machine
1.700,Monster Card,Monster,1.900,Skelgon,545,Moon,Pluto,6,32355828,999.999,Zombie
1.250,Monster Card,Monster,900,Wow Warrior,546,Neptune,Mars,4,69750536,Fish
350,Monster Card,Monster,300,Griggle,547,Jupiter,Mercury,1,95744531,15,Plant
400,Monster Card,Monster,300,Bone Mouse,548,Moon,Pluto,1,21239280,15,Zombie
700,Monster Card,Monster,500,Frog the Jam,549,Neptune,Jupiter,2,68638985,Aqua
1.350,Monster Card,Monster,1.000,Behegon,550,Neptune,Saturn,4,94022093,80,Aqua
2.000,Monster Card,Monster,800,Dark Elf,551,Mercury,Jupiter,4,21417692,160,Spellcaster
1.200,Monster Card,Monster,1.000,Winged Dragon #2,552,Saturn,Neptune,4,57405307,Winged Beast
1.250,Monster Card,Monster,800,Mushroom Man #2,553,Jupiter,Uranus,3,93900406,Warrior
1.550,Monster Card,Monster,1.800,Lava Battleguard,554,Mercury,Mars,5,20394040,Warrior
1.700,Monster Card,Monster,1.900,Tyhone #2,555,Mars,Uranus,6,56789759,Dragon
800,Monster Card,Monster,600,The Wandering Doomed,556,Moon,Pluto,2,93788854,30,Zombie
1.400,Monster Card,Monster,1.800,Steel Ogre Grotto #1,557,Moon,Mars,5,29172562,Machine
400,Monster Card,Monster,400,Pot the Trick,558,Moon,Jupiter,2,55567161,20,Rock
1.250,Monster Card,Monster,700,Oscillo Hero,559,Venus,Sun,3,82065276,50,Warrior
950,Monster Card,Monster,1.400,Invader from Another Dimension,560,Venus,Mars,4,28450915,80,Fiend
1.200,Monster Card,Monster,1.000,Lesser Dragon,561,Moon,Saturn,4,55444629,70,Dragon
750,Monster Card,Monster,600,Needle Worm,562,Jupiter,Pluto,2,81843628,999.999,Insect
550,Monster Card,Monster,400,Wretched Ghost of the Attic,563,Mercury,Uranus,2,17238333,Fiend
2.200,Monster Card,Monster,1.800,Great Mammoth of Goldfine,564,Moon,Pluto,6,54622031,Zombie
2.100,Monster Card,Monster,1.300,Man-eating Black Shark,565,Neptune,Sun,5,80727036,320,Fish
1.200,Monster Card,Monster,900,Yormungarde,566,Neptune,Moon,3,17115745,Reptile
1.200,Monster Card,Monster,900,Darkworld Thorns,567,Moon,Jupiter,3,43500484,Plant
1.000,Monster Card,Monster,850,Anthrosaurus,568,Uranus,Moon,3,89904598,Dinosaur
900,Monster Card,Monster,800,Drooling Lizard,569,Neptune,Venus,3,16353197,Reptile
1.300,Monster Card,Monster,800,Trakadon,570,Uranus,Venus,3,42348802,60,Dinosaur
2.100,Monster Card,Monster,1.800,B. Dragon Jungle King,571,Jupiter,Neptune,6,89832901,Dragon
2.100,Monster Card,Monster,1.700,Empress Judge,572,Uranus,Venus,6,15237615,Warrior
1.100,Monster Card,Monster,700,Little D,573,Uranus,Mercury,3,42625254,Dinosaur
1.100,Monster Card,Monster,1.200,Witch of the Black Forest,574,Mercury,Pluto,4,78010363,80,Spellcaster
1.800,Monster Card,Monster,1.900,Ancient One of the Deep Forest,575,Jupiter,Sun,6,14015067,1.000,Beast
1.100,Monster Card,Monster,1.000,Giant Scorpion of the Tundra,576,Jupiter,Moon,3,41403766,60,Insect
1.850,Monster Card,Monster,1.600,Crow Goblin,577,Saturn,Mars,5,77998771,Winged Beast
1.350,Monster Card,Monster,1.200,Leo Wizard,578,Mercury,Neptune,5,04392470,100,Spellcaster
750,Monster Card,Monster,400,Abyss Flower,579,Jupiter,Venus,2,40387124,Plant
1.100,Monster Card,Monster,1.900,Patrol Robo,580,Moon,Uranus,3,76775123,55,Machine
1.450,Monster Card,Monster,1.000,Takuhee,581,Saturn,Sun,4,03170832,Winged Beast
1.800,Monster Card,Monster,1.700,Dark Witch,582,Sun,Neptune,5,35565537,Fairy
950,Monster Card,Monster,1.500,Weather Report,583,Neptune,Mercury,4,72053645,120,Aqua
1.000,Monster Card,Monster,1.100,Binding Chain,584,Sun,Venus,3,08058240,Fairy
800,Monster Card,Monster,1.000,Mechanical Snail,585,Moon,Neptune,3,34442949,45,Machine
650,Monster Card,Monster,900,Greenkappa,586,Moon,Mercury,3,61831093,Warrior
1.300,Monster Card,Monster,1.400,Mon Larvas,587,Jupiter,Mercury,4,07225792,140,Beast
900,Monster Card,Monster,1.100,Living Vase,588,Jupiter,Uranus,3,34320307,55,Plant
500,Monster Card,Monster,600,Tentacle Plant,589,Jupiter,Pluto,2,60715406,25,Plant
800,Monster Card,Monster,900,Beaked Snake,590,Neptune,Jupiter,3,06103114,40,Reptile
700,Monster Card,Monster,600,Morphing Jar,591,Uranus,Neptune,2,33508719,Rock
850,Monster Card,Monster,900,Muse-A,592,Sun,Mars,3,69992868,Fairy
1.400,Monster Card,Monster,1.800,Giant Turtle Who Feeds on Flames,593,Neptune,Mars,5,96981563,260,Aqua
2.000,Monster Card,Monster,1.800,Rose Spectre of Dunn,594,Moon,Jupiter,6,32485271,Plant
1.300,Monster Card,Monster,1.400,Fiend Refrection #1,595,Venus,Jupiter,4,68870276,Winged Beast
1.600,Monster Card,Monster,1.200,Ghoul with an Appetite,596,Moon,Pluto,4,95265975,160,Zombie
1.500,Monster Card,Monster,1.200,Pale Beast,597,Jupiter,Neptune,4,21263083,140,Beast
600,Monster Card,Monster,550,Little Chimera,598,Saturn,Moon,2,68658728,25,Beast
1.550,Monster Card,Monster,800,Violent Rain,599,Neptune,Mercury,4,94042337,Aqua
1.050,Monster Card,Monster,1.200,Key Mace #2,600,Mercury,Moon,4,20541432,Fiend
700,Monster Card,Monster,1.400,Tenderness,601,Sun,Jupiter,3,57935140,60,Fairy
750,Monster Card,Monster,500,Penguin Soldier,602,Neptune,Mars,2,93920745,25,Aqua
1.100,Monster Card,Monster,1.200,Fairy Dragon,603,Sun,Saturn,4,20315854,999.999,Dragon
750,Monster Card,Monster,800,Obese Marmot of Nefariousness,604,Moon,Mars,3,56713552,Beast
950,Monster Card,Monster,800,Liquid Beast,605,Neptune,Saturn,3,93108297,40,Aqua
850,Monster Card,Monster,700,Twin Long Rods 2,606,Neptune,Sun,3,29692206,Aqua
1.250,Monster Card,Monster,1.300,Great Bill,607,Jupiter,Sun,4,55691901,100,Beast
1.300,Monster Card,Monster,1.100,Shining Friendship,608,Sun,Uranus,4,82085619,Fairy
600,Monster Card,Monster,700,Bladefly,609,Jupiter,Moon,2,28470714,30,Insect
850,Monster Card,Monster,800,Electric Lizard,610,Pluto,Sun,3,55875323,35,Thunder
650,Monster Card,Monster,500,Hiro's Shadow Scout,611,Moon,Saturn,2,81863068,Fiend
1.100,Monster Card,Monster,800,Lady of Faith,612,Sun,Pluto,3,17358176,Spellcaster
2.800,Monster Card,Monster,2.100,Twin-headed Thunder Dragon,613,Pluto,Moon,7,54752875,1.900,Thunder
1.600,Monster Card,Monster,1.400,Hunter Spider,614,Jupiter,Venus,5,80141480,200,Insect
850,Monster Card,Monster,1.400,Armored Starfish,615,Neptune,Moon,4,17535588,70,Aqua
1.100,Monster Card,Monster,1.200,Hourglass of Courage,616,Sun,Neptune,4,43530283,80,Fairy
1.700,Monster Card,Monster,1.600,Marine Beast,617,Neptune,Mercury,5,29929832,290,Fish
1.900,Monster Card,Monster,1.700,Warrior of Tradition,618,Mercury,Mars,6,56413937,Warrior
1.650,Monster Card,Monster,1.900,Rock Spirit,619,Uranus,Mars,5,82818645,350,Spellcaster
1.000,Monster Card,Monster,1.200,Snakeyashi,620,Jupiter,Mercury,4,29802344,Plant
1.650,Monster Card,Monster,1.300,Succubus Knight,621,Mercury,Jupiter,5,55291359,180,Warrior
1.600,Monster Card,Monster,1.500,Ill Witch,622,Sun,Venus,5,81686058,Spellcaster
1.200,Monster Card,Monster,1.300,The Thing That Hides In the Mud,623,Uranus,Jupiter,4,18180762,100,Rock
1.650,Monster Card,Monster,1.300,High Tide Gyojin,624,Neptune,Mercury,5,54579801,Aqua
1.600,Monster Card,Monster,1.100,Fairy of the Fountain,625,Neptune,Venus,4,81563416,140,Aqua
1.300,Monster Card,Monster,1.400,Amazon of the Seas,626,Neptune,Mars,4,17968114,Fish
1.900,Monster Card,Monster,2.000,Nekogal #2,627,Jupiter,Uranus,6,43352213,Beast-Warrior
550,Monster Card,Monster,500,Witch's Apprentice,628,Mercury,Saturn,2,80741828,Spellcaster
950,Monster Card,Monster,1.100,Armored Rat,629,Jupiter,Pluto,3,16246527,55,Beast
1.400,Monster Card,Monster,1.100,Ancient Lizard Warrior,630,Neptune,Saturn,4,43230671,100,Reptile
1.500,Monster Card,Monster,1.300,Maiden of the Moonlight,631,Moon,Venus,4,79629370,160,Spellcaster
1.600,Monster Card,Monster,1.500,Stone Ogre Grotto,632,Uranus,Sun,5,15023985,Rock
1.400,Monster Card,Monster,1.700,Winged Egg of New Life,633,Sun,Mars,5,42418084,Fairy
1.150,Monster Card,Monster,1.300,Night Lizard,634,Neptune,Jupiter,4,78402798,120,Aqua
350,Monster Card,Monster,300,Queen's Double,635,Uranus,Moon,1,05901497,Warrior
1.600,Monster Card,Monster,1.200,Blue-winged Crown,636,Saturn,Venus,4,41396436,160,Winged Beast
1.500,Monster Card,Monster,1.800,Trent,637,Jupiter,Sun,6,78780140,290,Plant
1.800,Monster Card,Monster,1.500,Queen of Autumn Leaves,638,Jupiter,Moon,5,04179849,290,Plant
1.850,Monster Card,Monster,1.300,Amphibious Bugroth,639,Neptune,Sun,5,40173854,230,Aqua
900,Monster Card,Monster,700,Acid Crawler,640,Jupiter,Venus,3,77568553,999.999,Insect
1.350,Monster Card,Monster,1.700,Invader of the Throne,641,Uranus,Venus,5,03056267,200,Warrior
1.150,Monster Card,Monster,900,Mystical Sheep #1,642,Venus,Saturn,3,30451366,Beast
1.350,Monster Card,Monster,1.000,Disk Magician,643,Moon,Uranus,4,76446915,80,Machine
400,Monster Card,Monster,450,Flame Viper,644,Mars,Pluto,2,02830619,20,Pyro
1.900,Monster Card,Monster,2.200,Royal Guard,645,Uranus,Mercury,6,39239728,700,Machine
1.300,Monster Card,Monster,700,Gruesome Goo,646,Neptune,Moon,3,65623423,Aqua
1.500,Monster Card,Monster,900,Hyosube,647,Neptune,Venus,4,02118022,120,Aqua
1.600,Monster Card,Monster,1.300,Machine Attacker,648,Moon,Neptune,5,38116136,180,Machine
1.450,Monster Card,Monster,1.000,Hibikime,649,Mercury,Uranus,4,64501875,Warrior
1.650,Monster Card,Monster,1.600,Whiptail Crow,650,Moon,Mercury,5,91996584,Fiend
Spell Card,Equip,Kunai with Chain,651,37390589,800
Spell Card,Equip,Magical Labyrinth,652,64389297,10
Spell Card,Magic,Warrior Elimination,653,90873992,999.999
Spell Card,Equip,Salamandra,654,32268901,800
Spell Card,Magic,Cursebreaker,655,69666645,10
Spell Card,Magic,Eternal Rest,656,95051344,999.999
Spell Card,Equip,Megamorph,657,22046459,50.000
Spell Card,Equip,Metalmorph,658,68540058,999.999
Spell Card,Equip,Winged Trumpeter,659,94939166,800
Spell Card,Magic,Stain Storm,660,21323861,999.999
Spell Card,Magic,Crush Card,661,57728570,999.999
Spell Card,Magic,Eradicating Aerosol,662,94716515,999.999
Spell Card,Magic,Breath of Light,663,20101223,999.999
Spell Card,Magic,Eternal Draught,664,56606928,999.999
Ritual Card,Ritual,Curse of Millennium Shield,665,83094937,Millennium Shield Ritual
Ritual Card,Ritual,Yamadron Ritual,666,29089635
Ritual Card,Ritual,Gate Guardian Ritual,667,56483330
Spell Card,Equip,Bright Castle,668,82878489,800
Spell Card,Magic,Shadow Spell,669,29267084,999.999
Ritual Card,Ritual,Black Luster Ritual,670,55761792,Chaos Ritual
Ritual Card,Ritual,Zera Ritual,671,81756897
Spell Card,Magic,Harpie's Feather Duster,672,18144506,999.999
Ritual Card,Ritual,War-lion Ritual,673,54539105,Lion's Ritual
Ritual Card,Ritual,Beastry Mirror Ritual,674,81933259,Demon Mirror's Ritual
Ritual Card,Ritual,Ultimate Dragon,675,17928958,Ultimate Dragon Ritual
Ritual Card,Ritual,Commencement Dance,676,43417563
Ritual Card,Ritual,Hamburger Recipe,677,80811661
Ritual Card,Ritual,Revival of Sennen Genjin,678,16206366,Resurrection of the Millennium Primitive Man
Ritual Card,Ritual,Novox's Prayer,679,43694075,Law's Prayer
Ritual Card,Ritual,Curse of Tri-Horned Dragon,680,79699070,Three Horns Ritual
Trap Card,Trap,House of Adhesive Tape,681,15083728,999.999
Trap Card,Trap,Eatgaboon,682,42578427,999.999
Trap Card,Trap,Bear Trap,683,78977532,999.999
Trap Card,Trap,Invisible Wire,684,15361130,999.999
Trap Card,Trap,Acid Trap Hole,685,41356845,999.999
Trap Card,Trap,Widespread Ruin,686,77754944,999.999
Trap Card,Trap,Goblin Fan,687,04149689,999.999
Trap Card,Trap,Bad Reaction to Simochi,688,40633297,999.999
Trap Card,Trap,Reverse Trap,689,77622396,999.999
Trap Card,Trap,Fake Trap,690,03027001,999.999
Ritual Card,Ritual,Revived of Serpent Night Dragon,691,39411600,Evil Knight Dragon's Resurrection
Ritual Card,Ritual,Turtle Oath,692,76806714
Ritual Card,Ritual,Contruct of Mask,693,02304453
Ritual Card,Ritual,Resurrection of Chakra,694,39399168
Ritual Card,Ritual,Puppet Ritual,695,05783166
Ritual Card,Ritual,Javelin Beetle Pact,696,41182875,Javelin Beetle's Contract
Ritual Card,Ritual,Garma Sword Oath,697,78577570
Ritual Card,Ritual,Cosmo Queen's Prayer,698,04561679
Ritual Card,Ritual,Revival of Skeleton Rider,699,31066283
Ritual Card,Ritual,Fortress Whale's Oath,700,77454922
1.950,Monster Card,Monster,1.850,Performance of Sword,701,Sun,Saturn,6,null,Warrior
2.000,Monster Card,Monster,1.850,Hungry Burger,702,Moon,Mars,6,null,Warrior
2.750,Monster Card,Monster,2.500,Sengenjin,703,Jupiter,Mercury,8,null,Beast-Warrior
2.050,Monster Card,Monster,2.500,Skull Guardian,704,Sun,Jupiter,7,null,Warrior
2.850,Monster Card,Monster,2.350,Tri-horned Dragon,705,Moon,Jupiter,8,null,Dragon
2.350,Monster Card,Monster,2.400,Serpent Night Dragon,706,Mercury,Pluto,7,null,Dragon
2.650,Monster Card,Monster,2.250,Skull Knight,707,Mercury,Neptune,7,02504891,Spellcaster
2.900,Monster Card,Monster,2.450,Cosmo Queen,708,Venus,Uranus,8,Spellcaster
2.450,Monster Card,Monster,2.000,Chakra,709,Mercury,Moon,7,Fiend
2.550,Monster Card,Monster,2.500,Crab Turtle,710,Neptune,Jupiter,8,Aqua
2.200,Monster Card,Monster,2.350,Mikazukinoyaiba,711,Sun,Uranus,7,38277918,Dragon
1.800,Monster Card,Monster,2.000,Meteor Dragon,712,Uranus,Neptune,6,64271667,999.999,Dragon
3.500,Monster Card,Monster,2.000,Meteor B. Dragon,713,Mars,Sun,8,Dragon
2.250,Monster Card,Monster,1.800,Firewing Pegasus,714,Mars,Moon,6,27054370,Beast
2.000,Monster Card,Monster,2.350,Psycho-Puppet,715,Moon,Saturn,7,Fiend
2.550,Monster Card,Monster,2.150,Garma Sword,716,Moon,Uranus,7,Warrior
2.450,Monster Card,Monster,2.550,Javelin Beetle,717,Jupiter,Uranus,8,Insect
2.350,Monster Card,Monster,2.150,Fortress Whale,718,Neptune,Saturn,7,Fish
1.900,Monster Card,Monster,1.850,Dokurorider,719,Uranus,Mars,6,Zombie
2.000,Monster Card,Monster,1.800,Mask of Shine & Dark,720,Venus,Pluto,6,Spellcaster
Ritual Card,Ritual,,Dark Magic Ritual,721
2.800,Monster Card,Monster,2.600,Magician of Black Chaos,722,Mercury,Mars,8,Spellcaster